attraction_id,name,attraction_type,cost_level,indoor_score,photo_value,nature_value,culture_value,food_value,popularity,estimated_time
1,Attraction_001_night_market,night_market,2.9899694066652165,2.156228695955381,2.8478003064298316,0.14781097798303264,3.5264883300798044,5.0,4.024420491252038,2.634048034868772
2,Attraction_002_night_market,night_market,1.6345131059933677,0.851295192117832,2.3416597717826244,0.5042607661869281,1.909784350911213,3.8820025941320604,5.0,2.019378959610772
3,Attraction_003_historic_area,historic_area+night_market,1.8546203068455525,1.8905997156439582,3.565770252088583,1.2989561266051535,3.668704207424055,3.014639566968192,3.04483104282165,2.0812328866097287
4,Attraction_004_park,park+museum,2.0391849626324947,0.8894339684825641,5.0,3.996494337803491,2.1479558879550265,1.8466751757765967,1.8780182224879174,1.453956130550489
5,Attraction_005_night_market,night_market+cafe_street,1.935338281997478,1.7396187354108474,3.3214008125495527,0.2555543060926626,1.4840065835187666,4.067640018706433,4.9830676433135,2.6884139686375463
6,Attraction_006_historic_area,historic_area,2.5570996195779405,2.1074872015455033,3.640264003172424,0.6997159471170294,5.0,2.801772922952987,1.9406757704447564,3.510362354579912
7,Attraction_007_temple,temple,1.50973532197506,1.9864304374983726,3.000330756378748,1.4163800863178042,3.7025339342230357,1.3174759105076104,2.7521461890706647,2.768939013134684
8,Attraction_008_nature_trail,nature_trail,1.3237190402273589,0.0,4.088239989159716,5.0,1.2582378523662685,1.234600195434238,1.6264256918563789,5.21410357720493
9,Attraction_009_nature_trail,nature_trail,1.6880108256331237,0.21075570227877474,3.7870436308692983,4.239961264738586,0.6321798809513794,1.299621150023191,1.7204880214135925,3.6847417717055437
10,Attraction_010_cafe_street,cafe_street,2.468719799170161,2.8011570260273153,3.9859702588116592,0.4296115735410377,1.140460214703278,4.821431344998151,3.787613327990577,1.9780988435318732
11,Attraction_011_shopping_mall,shopping_mall+temple,4.973442162599536,4.351916620738708,2.80049841499545,0.6052275093554813,2.3632582128397646,2.5591492808184477,4.9004256463540665,3.5504803419430595
12,Attraction_012_night_market,night_market,3.4237961567764863,2.122771401590149,2.3561513886650527,0.0,2.5647733873069667,4.47274082482447,3.159469255147094,2.254850379844822
13,Attraction_013_shopping_mall,shopping_mall,3.7906600144663107,4.36921068921507,3.328786191290285,0.0,1.9478489574926843,4.649642790283578,3.0140134123510176,3.3477070868258436
14,Attraction_014_temple,temple,0.14170320149522042,1.819677109017055,3.7392620176509834,1.3930400376015708,4.76282035272482,1.7251913361730342,2.255980222737207,2.1858029577288027
15,Attraction_015_historic_area,historic_area+shopping_mall,1.4996027662760956,3.252441723508417,3.4628950176496875,0.754751928481465,2.460861783756389,2.766623092484767,4.753071266513312,2.499368552164868
16,Attraction_016_historic_area,historic_area,2.268251707324828,1.4747864115830382,4.005329089649005,1.2385328346345772,5.0,1.9806785175031965,1.6508990320123198,2.322113977509885
17,Attraction_017_park,park+temple,0.7648119370084625,1.0634752166789405,3.3922946381659,3.8706422598353885,1.6785946751727352,1.8591209848093881,3.4175148618601177,2.3101321574275238
18,Attraction_018_historic_area,historic_area,2.9459093569970984,2.5465412162305543,3.950119919914336,0.6741910205962651,5.0,2.033384558661763,3.8979577261283627,3.8529588352781907
19,Attraction_019_night_market,night_market,2.1671848691370696,1.967447015928969,3.015555679402794,0.8667440927280554,3.4342816134167924,4.804749142281411,5.0,2.9905620884032897
20,Attraction_020_night_market,night_market,1.4436462034109105,1.8907625389601361,2.9742365076742474,0.0,1.337477271762677,5.0,5.0,2.2641589700326517
21,Attraction_021_nature_trail,nature_trail,1.6417385368075392,0.0065829599070174605,3.525261689383861,4.940698083228283,0.829621695937479,0.576459774056219,4.5151552714602605,5.007135217854409
22,Attraction_022_cafe_street,cafe_street,3.5540816676175457,2.9360174443773865,3.7848615200187443,0.7254213130465157,2.828241731337297,4.562740876210579,2.8397628743553787,1.7323990113272414
23,Attraction_023_historic_area,historic_area,2.3966102655856045,1.5065138251157253,5.0,1.8711024193582455,3.512409522129891,1.6852478526369365,3.95927119768103,2.4338644275049752
24,Attraction_024_park,park,0.76130851855983,0.0,1.3931762289551028,3.5341480331327118,0.8358307015944458,0.4889409317228478,2.431316428518837,1.6558868976314935
25,Attraction_025_historic_area,historic_area,2.391329813723881,2.422736529823789,3.6684026082094916,1.2395827946261542,4.920655752911578,2.0819616380856187,1.682098414009074,4.024432609341972
26,Attraction_026_historic_area,historic_area,1.7294763724337165,2.441629927056889,3.4838187020659657,1.3349388698357179,5.0,1.6980556633807709,2.702210268074977,2.715609087266912
27,Attraction_027_park,park,1.3698905224690114,0.15366452850418794,3.8586290568022985,3.7384168273471357,0.0,0.5066294322167947,1.9646378174550296,3.7295498541974195
28,Attraction_028_cafe_street,cafe_street,3.170054986382103,3.075646555975787,4.307895230897596,1.4051071545831515,2.1599277391683787,4.616942942057649,5.0,2.6831797688542847
29,Attraction_029_night_market,night_market,2.3868520665339936,1.853347780745995,2.4681565558982426,1.6600517291955492,1.8460887020251937,4.010777401687974,5.0,2.8333301551703487
30,Attraction_030_museum,museum,2.359844887517127,4.64169250700655,4.433827826721538,0.4044127020236099,4.263426822084868,0.9910992029255542,3.5303451634205,2.0490203577568202
31,Attraction_031_museum,museum,2.9508324592824633,4.3409289319099225,2.858745178026739,0.0,4.333011256185916,1.0612593513872992,3.448726052478404,3.6802849735596417
32,Attraction_032_museum,museum,2.61237188470191,4.589817775204185,4.009767064219758,0.0,5.0,2.1962802934516756,3.112991881234514,2.821369377679153
33,Attraction_033_nature_trail,nature_trail,1.2081850605081665,0.5232508649957293,4.06348946405674,4.297543640493947,0.8159316132683128,1.3236988893095423,3.9609148862360333,5.267416660868165
34,Attraction_034_historic_area,historic_area,1.2746061145191516,3.40439161326972,3.2541808025824954,0.8103947804613856,3.1194677791986254,1.6582592359075052,2.5926938707570417,3.1203150291809663
35,Attraction_035_shopping_mall,shopping_mall,3.625012623819438,5.0,2.216030463623567,0.5197474614792288,0.9418484154365826,4.99044819780533,5.0,2.8246594783162364
36,Attraction_036_historic_area,historic_area,2.6045806027827503,2.1370030851110604,2.763622021783661,0.8104062350800476,4.5034084048168195,2.0305373859470826,2.8399476228166054,3.498279945877999
37,Attraction_037_temple,temple,0.268982640305385,2.8913881829488894,2.402825789021845,2.030489934234031,4.816004107786735,1.0134837512382402,4.0409215804180185,2.092539707434287
38,Attraction_038_historic_area,historic_area,2.4315211181203313,2.06306971833651,4.219494367230346,2.0896105123960265,3.872799750622932,2.4459334489989857,4.046739589479671,1.5930084108615086
39,Attraction_039_temple,temple,1.048161607272854,3.3262963786528155,4.45860010462134,0.30293405216032054,3.492801414419149,1.4638939957171977,3.107252359151446,1.9738442015247255
40,Attraction_040_historic_area,historic_area+night_market,1.150657550847559,3.354360019710741,4.580212614374169,0.3706946249622095,4.195515003773933,2.3432010249036743,4.398871202532478,2.5442923231313843
41,Attraction_041_historic_area,historic_area+historic_area,1.436633429397993,1.7514755096913315,2.867842234998859,1.0755036644563596,4.5373581019657925,0.5161783814734813,3.118440390016115,3.0337072653935433
42,Attraction_042_museum,museum,2.396763580351891,5.0,3.3213320880325297,0.8766778610074051,4.444268106380611,0.40176488756964424,5.0,2.251420588306245
43,Attraction_043_shopping_mall,shopping_mall+temple,3.6063362439811053,4.740224750900379,2.707131558969115,1.0194904662084963,1.8868713772865306,3.1160706383183534,3.333211919376144,3.3810046010006376
44,Attraction_044_museum,museum,2.024380924835023,4.213596885583909,2.3851570969730815,0.24582789920018033,4.606231574920573,2.6123474919926486,4.450250852966489,2.9445121917068278
45,Attraction_045_historic_area,historic_area,1.6119043343637507,2.591299845857155,2.880118362313615,1.587010738211775,3.148566980066577,1.986041274456471,2.7063276733705,1.9929263667582438
46,Attraction_046_museum,museum,3.3901167657075777,4.6956814810432626,3.7942861384028186,0.7934172791208738,5.0,1.568391352497237,3.4287841329506272,3.9264902683000455
47,Attraction_047_nature_trail,nature_trail,1.6151053723944686,0.0,4.140309421322853,5.0,1.4418704537054696,1.4967328522012402,2.8103612303632755,3.799441006666206
48,Attraction_048_historic_area,historic_area,0.5357894612590128,3.3368742009632593,2.8898598918412017,1.349280601751541,4.121322404837293,2.1695891819905877,3.1426607707540506,2.1809451844087566
49,Attraction_049_museum,museum,3.7782663245295334,4.29214191389945,3.4695361293190605,0.0,4.919282685007028,1.4295524550947327,3.625533513775077,3.05708090132199
50,Attraction_050_nature_trail,nature_trail+shopping_mall,1.9142305014292869,2.334490554133462,4.383869421975829,3.0132257690515045,0.0,1.270889695242071,1.7995159974677348,3.78879294971699
51,Attraction_051_nature_trail,nature_trail,0.0,0.8561730696509191,4.153149462770568,5.0,0.0,1.743440128084504,3.070797125995531,4.167769668879359
52,Attraction_052_park,park,0.24760115984788533,0.2473515052528657,4.0397182807537595,3.6435455131592365,1.0465180541926051,0.9895226596026743,2.8831838605971134,3.0669296842295584
53,Attraction_053_museum,museum,2.1638035847415003,4.451568785588646,3.511209380950527,0.7452453204791539,5.0,0.6005925392845434,3.8956847360845286,3.584510287043961
54,Attraction_054_night_market,night_market,2.9724288024679693,0.8217038631026468,3.4253376766301376,0.26386996390820416,2.681979607107883,4.068432119256055,5.0,2.3033769455801822
55,Attraction_055_historic_area,historic_area,2.0873758324537572,2.3192735703406164,3.9626585561728715,0.45915962169814106,3.6280606474301966,3.226438272880754,3.347106681524126,3.080076354063759
56,Attraction_056_museum,museum,3.1405692336200657,5.0,3.4177435628955406,0.41328944237049636,5.0,0.8211796090815515,3.881797191224215,0.8
57,Attraction_057_night_market,night_market,1.8305221428203176,0.973479240303168,2.268477644964522,0.20312616662580557,2.495675254489696,3.942555720618736,5.0,2.074228885308439
58,Attraction_058_historic_area,historic_area+historic_area,2.0791413594993853,2.1796302474544853,4.519760532558349,1.3143718271938087,3.6292414761740357,2.096778647973945,2.3517933808431044,2.1056438749064395
59,Attraction_059_park,park,0.42716964707893884,1.741066208485148,4.205968592400276,3.9435214931462133,0.0,1.7556124699399502,2.6878512694364534,4.254415686368892
60,Attraction_060_cafe_street,cafe_street,2.5347235852353984,3.135749214510815,4.371326215472065,0.6804414989841641,2.8339670188273973,3.8086616703381013,4.931970953197331,2.1000368249331576
61,Attraction_061_park,park,1.021642428980137,0.0,3.5166213686661316,3.2829471552362413,0.0,1.9567242519120256,3.270232552280555,2.938046743707487
62,Attraction_062_park,park,1.0732109816699384,1.1873929256761686,3.3207237823587055,3.5126046865683276,0.6077664343132042,1.1328705236893082,3.5905224816853645,3.4159356468237307
63,Attraction_063_park,park,0.9702594472194372,0.7900610436308654,2.5258713890204794,4.9404524223600905,0.7019672991077905,2.0075511804546537,3.448168233208712,2.2639686451557224
64,Attraction_064_nature_trail,nature_trail,1.3673576024787275,0.2047322197943017,4.184907182960202,4.825058484978079,0.0,0.9210596843351794,4.622782982550725,2.272796616958382
65,Attraction_065_cafe_street,cafe_street+shopping_mall,3.634660667684911,3.923237501985703,3.3360573689991777,0.04886239296860195,2.3411866243736155,3.2823111827102642,4.33096848417149,1.1284121876495172
66,Attraction_066_nature_trail,nature_trail+historic_area,0.7637977842911565,1.3799146188780878,4.409370532674304,2.9764006716164597,3.5784027756590397,1.1257253581728366,2.647756148826616,5.015571296323953
67,Attraction_067_night_market,night_market,2.78493491077967,1.6762467531462937,3.149816689492277,0.5810006752740006,2.8516512171923587,4.886408520394749,4.815897781079987,2.105341261855208
68,Attraction_068_night_market,night_market,1.8175995894928705,1.9559569388360023,3.243480321143136,0.0,1.1224177107748825,4.571937550467199,3.5632698649143215,0.8
69,Attraction_069_cafe_street,cafe_street+nature_trail,2.88442648423806,1.5421439733535207,3.0341803053111502,3.1431037606696517,0.9626721234988701,2.653378698417626,4.251800972679115,3.0953194594652675
70,Attraction_070_historic_area,historic_area,2.2114120619657522,1.950440630304957,2.8077412898964647,1.1623618102304398,5.0,2.0870009752599,3.5573117852136686,2.8293820992273666
71,Attraction_071_cafe_street,cafe_street,3.5762363181698853,3.0440023996777703,3.386646050463101,1.1256716732862744,1.8223848317523599,4.830652439004807,3.5911781974025634,2.107987776655751
72,Attraction_072_park,park,0.9839709335068907,0.9772707632939887,2.6228486785734098,4.580577249558076,1.4637097336335398,1.3305611885304343,3.478536760473166,2.2532545678959015
73,Attraction_073_historic_area,historic_area,0.6569106500038042,1.274998821176724,3.232790092208843,1.7158776622872298,4.304765682742391,1.4768885041707889,1.3772333507997898,2.1592704337374506
74,Attraction_074_temple,temple,0.3510698735197858,3.3527752710477423,4.039809559009779,1.0609072512534192,4.567848588725918,1.9386326699082925,1.901822382750161,2.3059277969472403
75,Attraction_075_temple,temple,2.5959450909420814,2.6590427541493,2.9854690102366446,0.8548519792488185,4.194958657823903,1.1389398725458344,4.259192928295597,2.9512132248860414
76,Attraction_076_temple,temple,0.2371793654421186,2.2946304023928867,3.9173392281508583,1.8815451100299403,4.823352083197891,1.2552407768355272,2.235831410936175,1.437103949658843
77,Attraction_077_historic_area,historic_area+museum,0.9525810091942652,2.81515695323138,3.755135365252452,0.8696191591602699,4.670688285546906,1.911035411793611,2.5906176935472667,2.1683725474402293
78,Attraction_078_temple,temple+cafe_street,2.210521057486405,2.6661935790580467,5.0,0.7673222116527615,3.821895661130748,2.7262863572763343,3.564545906573624,3.4773658605888267
79,Attraction_079_park,park,1.1297281202197436,0.9512651996585503,4.19333854823295,4.960042133789687,1.8984033441743926,1.7216614269332677,2.3663055357465166,2.917370949146658
80,Attraction_080_nature_trail,nature_trail,2.030993710694744,0.41580965261414965,4.124214394212937,4.830183756301497,0.0,1.4850648179176935,3.3163873449128602,6.230603778644368
81,Attraction_081_shopping_mall,shopping_mall,4.181363991750721,4.747587457187176,3.1951327313157503,0.3212959300516328,1.5098181505421566,3.9261584953838997,5.0,2.378787760471152
82,Attraction_082_historic_area,historic_area+nature_trail,2.7735007265856133,1.07183178357547,4.606890931279305,3.9326541142616347,2.435215973360523,1.4429015886715437,2.661654115704485,4.5727081933224545
83,Attraction_083_museum,museum+nature_trail,0.6519263281338623,1.9166116296054692,4.175865617542552,2.105573591840342,2.3390741687073255,1.5705754657366944,3.2153281210011886,2.947299345489473
84,Attraction_084_temple,temple+cafe_street,1.3972999153552743,1.7905291744354659,4.500801312789397,0.4428070671361536,3.288887139831827,2.873167177268184,3.5050321503378963,2.5518905998370407
85,Attraction_085_historic_area,historic_area+museum,2.686806844177453,3.590417448460658,4.098953866784393,1.302875258254946,4.011307032193686,1.8763851122997144,4.199361413990027,3.1845457576211462
86,Attraction_086_nature_trail,nature_trail,0.9945363855162574,0.0,3.5184589348209934,4.79071212959652,0.0,1.3670556906485012,1.2198690839707553,5.296601789345084
87,Attraction_087_cafe_street,cafe_street,3.4942695264937935,2.428853447082852,4.8107701031230405,1.0765474151602272,1.8714655069660115,3.9689876185077133,3.797117968727545,1.0733082486459657
88,Attraction_088_historic_area,historic_area+cafe_street,2.1212556117948487,3.002642137418219,3.008560321332967,0.3930006891102632,4.66133872923687,2.7953487914911213,3.4122736992120517,2.5626704805650586
89,Attraction_089_park,park,1.7903947296363931,1.3117193042680069,3.7417739354930237,4.088244401263061,1.0950612050822561,1.639378232215802,2.914453555076073,3.846389309712084
90,Attraction_090_historic_area,historic_area,2.7740671452623022,2.144547355398136,4.895671395922458,0.9008079612739995,5.0,2.6988038336733764,5.0,2.6607691344004007
91,Attraction_091_shopping_mall,shopping_mall,3.946797024532762,4.490353480655383,1.947706343386175,0.978989219340596,1.4816953415565983,5.0,4.159518959431174,2.592304927161352
92,Attraction_092_nature_trail,nature_trail,1.0214141281366287,1.0221890347187559,4.89988737259567,5.0,0.8185879048669237,2.027151181778034,2.166319598980752,6.856970261330581
93,Attraction_093_historic_area,historic_area,2.536805403426759,2.529881120780601,2.9698066971499957,0.19329311536706228,5.0,1.9175725263630359,3.7994419339180023,2.4261696400351376
94,Attraction_094_historic_area,historic_area,2.0460697642616954,0.7645870138594049,3.730238102862225,0.7216312525199806,4.37003909841626,1.4491097294916235,4.4338047568388,4.443597670689288
95,Attraction_095_historic_area,historic_area,1.6080795487400017,2.775855046053823,3.8109752879729317,1.1390524578102639,3.4480024081078207,3.004902695940083,2.5864374088940556,2.391880582193663
96,Attraction_096_night_market,night_market,2.275691272401344,1.3121510665987564,4.423337687075971,0.0,1.657273851137461,3.8168129244547693,3.0906200069605276,3.1645531680651446
97,Attraction_097_shopping_mall,shopping_mall,4.708133861084282,4.895649422911077,2.4643081878808197,0.22875850524545296,0.99572793045942,4.20901183173083,4.452750200618652,2.484349414068973
98,Attraction_098_cafe_street,cafe_street,3.260074408521341,3.337264465019189,4.396220642803796,0.0,2.778115940173751,2.6428721275096043,3.2138526469939044,2.4043417172998542
99,Attraction_099_nature_trail,nature_trail+park,1.4244782482374543,0.9029659966149995,3.975628564662401,4.890652183185939,2.4110776198772483,1.0358340161367234,4.818541698670398,4.925234856290951
100,Attraction_100_shopping_mall,shopping_mall+temple,3.959863082353581,4.326119319109643,2.4005087789577115,0.3207049167809577,1.8900325894238528,3.469723793678776,3.4223294135226485,2.876901120509898
101,Attraction_101_historic_area,historic_area,2.2990790476596583,2.13866286828758,4.313435052024618,0.9455734141536221,3.5450982855864646,1.4155449424486746,2.1275771172939866,3.931547716794326
102,Attraction_102_historic_area,historic_area,2.522792013976919,3.4167052201615773,2.4017007483840644,2.3493939004579016,4.5270978741357615,1.8489405807746935,3.560876237266383,2.160794461943611
103,Attraction_103_historic_area,historic_area,1.032093910855779,2.249284487960185,3.7025078705901784,0.13770803184065117,5.0,0.5792881863910273,3.883920303696568,3.7835287206672494
104,Attraction_104_cafe_street,cafe_street,3.9949760551496967,2.6473165852716365,4.237024210750201,0.0,2.1965702852366418,3.722238956330689,4.16935753449937,3.877637986698185
105,Attraction_105_historic_area,historic_area,1.4883822917682383,2.339837062274211,4.005530049532965,1.1568462373394612,4.559432182913348,2.8543615761001573,2.7677422534900096,3.410832566530811
106,Attraction_106_nature_trail,nature_trail,1.1022777503224126,0.0,3.6999407663333006,5.0,0.14885061893297447,1.0445063895436355,4.83683866672358,4.830445227028946
107,Attraction_107_nature_trail,nature_trail,1.3725124884265492,0.49708120188950966,2.948162983436445,5.0,1.4954028241556756,0.40658375253439394,3.1484446786998506,5.213810928296107
108,Attraction_108_nature_trail,nature_trail,0.8190628837840939,0.15406944568884784,3.947831619965095,5.0,0.0,1.0937625148313042,1.9492786835857174,3.907962465741783
109,Attraction_109_night_market,night_market,0.9928046747739672,2.166839221890988,2.5984217584832,1.532721349034215,3.610555140348476,4.531858975863855,4.711968468823922,3.1632544151079074
110,Attraction_110_shopping_mall,shopping_mall+historic_area,2.4086031439843714,3.378851428796569,2.8015173143731253,0.0,2.965733094766777,2.5371315062130297,4.021126238899966,1.870573939303892
111,Attraction_111_historic_area,historic_area,1.0137333378507165,2.875217945860311,4.887172051444507,1.4723623560879293,4.041742293757034,1.963750099522491,3.6466615300173784,3.060804313129929
112,Attraction_112_nature_trail,nature_trail,0.6124600330478867,0.33882566625821486,3.521905537316652,5.0,1.509351578386275,1.395939778589665,1.9261497882619367,4.246873240244159
113,Attraction_113_historic_area,historic_area,2.055656595606342,3.4756312469899324,3.9248319257185202,0.999074298268374,4.586801588108483,1.9008946063526464,5.0,3.7653618534356674
114,Attraction_114_night_market,night_market+night_market,2.025456537835208,2.520540201940819,3.1256649335192765,0.23742234966863718,2.7374456454641627,5.0,2.8048553309855713,3.1746698524683046
115,Attraction_115_historic_area,historic_area,3.101264878421933,2.4051824144263505,3.3430091162992563,1.482078824602281,4.875776113358031,1.6604386127524333,2.8527118564032157,2.564976453421328
116,Attraction_116_temple,temple,0.8581367435671562,1.4169689927145488,2.73477744827208,1.3961196332438839,4.78649632863701,1.424845625277654,3.2082232084256566,2.7982501746112223
117,Attraction_117_cafe_street,cafe_street+historic_area,2.911367207718526,2.89010504969637,4.173217177639701,0.0,2.5641967619653183,3.2315783208334414,2.6298147753428616,2.817325367970718
118,Attraction_118_nature_trail,nature_trail+night_market,0.4361718272835208,0.7036305482736578,4.171900972868012,4.5775459210255685,0.8324866927609225,0.8105551255228245,2.629411874315214,4.613293589470436
119,Attraction_119_historic_area,historic_area,1.3168614980727718,1.7968466651978474,3.4146618407033316,0.870233695997445,5.0,2.276463889309786,3.9016630154804703,3.53885211454936
120,Attraction_120_night_market,night_market,1.9513452991423494,1.075674434246728,3.2718342982904485,0.23381976768077978,2.131324927771759,4.546878379629526,5.0,1.8927742576958877
121,Attraction_121_nature_trail,nature_trail,0.8790491244634755,0.9143809887697949,3.223614157296295,5.0,0.0,0.5045430496157716,2.7919072708248707,6.274737139291782
122,Attraction_122_nature_trail,nature_trail,0.39510780255557,0.8027897799319049,4.287824147663595,5.0,0.6003883249377842,1.6670002829079626,3.0331599385694448,3.9154544289569753
123,Attraction_123_museum,museum+nature_trail,3.0635067023562925,3.6710638711345562,4.758790520701469,2.190719762174275,4.141327034517908,1.67775319732958,2.60376261728842,3.0539293284613596
124,Attraction_124_shopping_mall,shopping_mall,4.058527844474636,4.6740594261803645,2.9540249202128277,0.0,1.2783797234124292,4.644227361150584,3.5152660456317615,2.137665542650182
125,Attraction_125_nature_trail,nature_trail+historic_area,1.3083674832221206,0.5684495069157218,4.5490495302298894,3.607999930307616,1.6040588703328051,1.7986008361795247,2.7658927359310983,3.8999732962814355
126,Attraction_126_park,park,0.10643921882838059,0.45981206737611,3.476095401297959,3.5401112879556105,1.0266414133543622,1.8391580540004533,2.7519047573781155,3.091418724643551
127,Attraction_127_museum,museum,3.4332704443837248,3.4088951243777315,3.4675571388923494,0.005739951683351008,4.936870522073002,1.5331247089439861,2.943380133674977,2.497918665912785
128,Attraction_128_night_market,night_market,0.9214909980470523,1.9662835579698337,2.1931426510219634,0.6936008557522624,1.6591868845412558,4.952189405623642,4.282400974242342,1.908426189983817
129,Attraction_129_historic_area,historic_area,1.356485090592629,2.37736989362005,3.0225367993141528,1.1741697118759864,3.8670627288272508,0.8478034165947159,3.842756649892466,3.6817334306014664
130,Attraction_130_nature_trail,nature_trail+cafe_street,2.157089607098508,1.099003224390013,3.944917626203701,3.350953380243943,1.9489192606429997,1.4748549988645179,4.189458817536362,3.2640683348945347
131,Attraction_131_shopping_mall,shopping_mall,3.2783547987687602,4.5169471479300185,2.98068899208276,1.1456269192446327,0.8575932324374111,3.0808996822015775,3.936648353350787,2.5437249403754434
132,Attraction_132_night_market,night_market,2.220168326865263,2.1239813210732272,1.8957480201276304,1.2471772439715603,3.592710004704817,4.3119113926429256,5.0,1.7416017560072434
133,Attraction_133_cafe_street,cafe_street,2.5528406981485126,3.369546962552904,5.0,2.0262995199581164,3.560103967820911,4.621686226425954,3.300168362452758,2.6622800767699344
134,Attraction_134_museum,museum+historic_area,3.262781047943407,3.717304543953196,3.2120654521568683,0.5735264976858431,4.113588036495251,2.017805813318139,2.733890500560439,2.5562413107520414
135,Attraction_135_shopping_mall,shopping_mall+museum,4.011989091266378,5.0,2.958097349071127,0.0,2.4740016355243695,3.713875368166574,5.0,4.220876413291289
136,Attraction_136_night_market,night_market+museum,2.7548428064527006,3.693952528976508,2.897943997880096,0.0,2.3867075557439223,1.7287297474512346,4.539341566614767,2.221667344768373
137,Attraction_137_museum,museum,2.8948750463135475,4.654948049146325,3.4981917760766468,0.27504512883793475,5.0,1.0866562302625482,1.9085062439842386,2.485346512445719
138,Attraction_138_night_market,night_market+shopping_mall,2.002706781982529,3.089631194315417,3.9177702598312134,0.09753100432609266,2.302440673699853,4.051925858591538,2.434369136785409,3.169622867051216
139,Attraction_139_museum,museum,3.1353604915076643,4.636844894473679,2.7843451930237473,0.15611575972490838,5.0,0.3847118749399878,3.4348463457333036,1.4147345563012759
140,Attraction_140_historic_area,historic_area,1.2733359159406525,1.795974632761073,3.9303699782001127,1.9466142771286647,3.839715817664042,2.0400919024011817,5.0,3.5544844858105153
141,Attraction_141_museum,museum,2.7623104341690476,3.9035127219058623,3.5085528576149763,1.806506038045001,5.0,0.5276576618496612,2.6313919171606575,2.559016086309509
142,Attraction_142_cafe_street,cafe_street+park,2.050744040099967,2.8552683074780973,5.0,2.0812102388628393,2.2459847946925233,2.580094845472181,2.980392895923614,1.7086483797211973
143,Attraction_143_shopping_mall,shopping_mall,4.074664878300274,4.31173309713382,1.9660894359561083,0.0,2.6219759452700013,3.498942836793547,3.6573089631517828,1.4960184995336423
144,Attraction_144_cafe_street,cafe_street+cafe_street,2.565706344399654,3.805575914016362,5.0,1.5020312427145215,2.209240767821812,4.832660635127823,3.8542844084219223,2.6822189400977754
145,Attraction_145_park,park,0.5376284988927021,0.3158735673414025,2.8791703234229207,4.47533939263575,2.3406411975080443,0.6061036057347227,2.5193755653382066,3.9297764443323433
146,Attraction_146_temple,temple,1.2783996131849715,1.915683559519216,3.278356227747043,1.840724497191911,5.0,3.183216367312099,4.995203028911223,2.260637053265733
147,Attraction_147_park,park,1.0280103642406262,1.4943318873395546,3.3026200094819025,2.9290703228984345,0.8924906382067173,2.1488804462626727,2.4270647043550504,1.0079600811843972
148,Attraction_148_nature_trail,nature_trail,0.9330393715834291,0.08909337298050501,3.5692360482890955,3.480711985969271,1.2963342154029063,1.8170889718479106,1.5852408448282076,5.495082346069052
149,Attraction_149_temple,temple,0.48645688866206915,2.704839055840217,4.176538193813214,0.4711025852513898,4.3386566160641635,1.8407720404680599,2.3926438076116288,2.6220249926519554
150,Attraction_150_cafe_street,cafe_street,2.144113249565663,3.865775435883015,4.770346881698768,1.233849508065553,1.7121415702401275,4.542251232731105,4.0181582348239475,2.520305430977015
151,Attraction_151_cafe_street,cafe_street,3.7153884443948515,3.3774556345902624,4.4644089292723015,0.7587600584363052,2.3781028219643323,3.387332495562007,3.622511276963755,2.3373475746115555
152,Attraction_152_temple,temple,0.6576089687742561,2.988764514453028,3.8285973810215186,0.9487901337862168,4.820684414482246,1.0802486220862306,0.6026689760837081,2.073491796518795
153,Attraction_153_night_market,night_market,1.3059281009735244,1.2204746694695052,3.6176999347828245,1.4118986921782515,2.4321080079506436,4.690265879926493,5.0,3.1295026420865524
154,Attraction_154_museum,museum+historic_area,2.74852009073389,3.815560635943014,3.7507146460131287,1.2147931809029724,4.484978407078642,0.7913984971608631,2.920812242701132,2.3200135911139714
155,Attraction_155_park,park,1.0526680799832207,0.053680677246561614,3.9727579005634643,3.7617567358972885,0.8650398155614536,0.1625143817577821,4.265252121089158,2.6276014381441044
156,Attraction_156_temple,temple+nature_trail,0.0,1.4488382924225716,3.9595515776159074,1.9883402317050656,2.3357277386365287,0.8434417869962101,2.74709502472057,3.1127025357643863
157,Attraction_157_night_market,night_market,3.775063701595319,2.0640803749223036,3.2452779567960994,0.18268163719443803,1.9935514262466068,4.673684495476786,3.691023725112476,2.4149291413470184
158,Attraction_158_park,park,0.37561709793248466,0.2804884812884875,2.604494497474046,2.9923051729441372,1.5403770235911152,1.1820390857735226,3.1176172496027386,4.025058995663575
159,Attraction_159_temple,temple,0.6003976376480031,2.5796772155616554,2.939612499308919,1.4228298555617054,4.059008975973187,0.06405144759234416,2.0894816834180983,1.7544950810501017
160,Attraction_160_museum,museum+park,1.3327045731275269,3.9915460413864365,4.209601777438699,2.1320698138093244,3.3637658877841603,2.89418790205253,2.6877719279621775,2.3623623331498482
161,Attraction_161_cafe_street,cafe_street,4.235608148446474,3.4743184393566895,3.756629848272547,0.7331299213404208,3.0188651464265392,3.8726904669429056,3.3438832965735714,2.494787610229218
162,Attraction_162_museum,museum,3.5043439518896204,4.437212736126845,3.8526908659508767,0.0,4.970535547210381,1.8832761071409263,2.750491469162057,1.4371158243235493
163,Attraction_163_shopping_mall,shopping_mall+night_market,2.228280834479755,4.480738073637398,3.540264970151783,0.966913307602782,1.3327566010140912,3.878520399478048,3.4499912338761036,2.6825134891204834
164,Attraction_164_nature_trail,nature_trail+cafe_street,2.5926320538181598,1.4947437728138337,4.882798417396896,3.693351626129384,2.285550857452229,3.2073736159193023,3.1170887337102715,4.0977307389874404
165,Attraction_165_nature_trail,nature_trail,0.25686737941329274,0.0,3.455172395893813,4.511648102063915,0.08752003392025554,0.9766029822147927,2.469032665860305,5.356716185071693
166,Attraction_166_cafe_street,cafe_street,3.061749924273074,2.8258725652275283,3.601078017652882,1.0143959698551728,4.211400884004403,2.826356442610602,3.3870063303926714,1.4587959028406914
167,Attraction_167_park,park,0.0,0.516772527614479,2.7754545151810133,4.685068809853285,1.1110407339686432,2.119134813951245,2.7346096825974375,1.8535880053343
168,Attraction_168_park,park+historic_area,1.8331143284712845,1.42290953438238,4.908987956072158,3.5873965663888194,2.2784729284906957,0.7846326117869874,2.7898080524407662,2.4355277920700362
169,Attraction_169_temple,temple,2.149925855171136,2.646237463932633,3.164854005256071,1.382078902830142,4.16743448045136,2.0675601299507527,2.700305763047896,1.0619267129178058
170,Attraction_170_park,park,0.2522173164902881,0.0,3.915861765667099,3.728575164325304,1.1563063120646344,0.0,4.672757257850305,2.5842251747541307
171,Attraction_171_cafe_street,cafe_street,3.9697477701244273,3.5280841908019878,5.0,0.667104263204604,2.4120846884941,4.652318264119136,3.523156531682183,2.153826139519233
172,Attraction_172_shopping_mall,shopping_mall,4.264583986630948,4.374917282697015,2.168423122548164,0.0,1.3926338040165227,4.360555757048793,3.26213048143847,3.6104683360778345
173,Attraction_173_park,park,0.4140038945396848,0.7317588961039454,3.953116856340377,4.968594987293447,1.379927090477551,1.5922763393068027,0.4788133637110279,2.969453663179582
174,Attraction_174_cafe_street,cafe_street+night_market,3.8850002610924323,3.3972905086360274,3.396186687716872,0.8498627380447801,2.1922522391389663,4.678225568811692,3.0695624391813956,2.0102999911348336
175,Attraction_175_nature_trail,nature_trail,0.7075926876944668,0.0,3.6949722869093926,4.346473040853951,0.83870942940385,0.7777729714886648,1.7230690246095515,5.462101840838131
176,Attraction_176_cafe_street,cafe_street,2.447898505148662,3.6289317330490998,4.211090871269871,1.5083930986927818,2.6425005840407327,4.838025410765163,4.140241923382289,3.7749917417606733
177,Attraction_177_night_market,night_market+shopping_mall,2.3292585894455016,3.005956201181385,2.9173682024596657,0.0,1.8174067336377302,4.203923942148793,3.9477250343445576,2.6519263707046656
178,Attraction_178_museum,museum,2.9008739445083362,4.419657905917894,4.336313872033962,0.0,4.372224282101083,1.002578081295168,2.1233032612214284,1.8445937122228018
179,Attraction_179_park,park,0.7107083375403922,0.9679938791923848,3.7538021524537784,4.132905860593878,1.1724855271097585,0.9212068725524717,0.5489462733788566,2.6925766702509564
180,Attraction_180_museum,museum+historic_area,1.8414563204876722,3.2757278943163213,4.048465710444197,0.270629366780229,5.0,1.2684193119293752,1.2598285777019194,2.6853015700157696
181,Attraction_181_museum,museum,3.0128228515731417,4.4424844695767725,2.3929357372982327,1.3701041273537933,4.259739574226968,2.121078483615951,3.513972112901271,3.0036753091151795
182,Attraction_182_shopping_mall,shopping_mall+museum,4.245560226538897,5.0,3.733014584097291,0.0,3.508650517788992,2.696294509491614,4.196269134009444,2.9175165397876284
183,Attraction_183_museum,museum+nature_trail,1.849788211020935,3.3531115846710993,4.056815031608027,1.8255252826678068,3.7833293068645846,1.6613075741658623,2.378349073322121,4.128171758335371
184,Attraction_184_shopping_mall,shopping_mall,3.6824115717047685,4.739990315291087,2.625153570252828,1.2173617561437702,1.2371868158661115,3.332491830324072,3.6894809414850283,3.308603103934132
185,Attraction_185_nature_trail,nature_trail,0.36782553391408934,0.0,3.4497023890633365,5.0,1.4212101714787035,2.2473505805920935,4.305889486810782,5.129050167904357
186,Attraction_186_shopping_mall,shopping_mall,4.749605076054406,5.0,2.1926714544239676,0.0,2.002845238566729,3.897455585541204,5.0,5.125902067144976
187,Attraction_187_temple,temple+temple,1.0335571448622851,2.795399958183629,3.2662770659618174,0.7774891653642053,4.169614950446061,1.1114245487845162,3.0710516806485892,1.20465592607857
188,Attraction_188_nature_trail,nature_trail,2.2257694251424844,0.0,3.239488527110707,5.0,1.2150366093864156,0.8461004080733612,2.5896169569754575,3.0314309807671833
189,Attraction_189_museum,museum+historic_area,2.008113894873547,2.892630385167723,3.345682214348659,1.5409680694234518,5.0,1.579486793571785,3.4253880510634995,3.916835476595221
190,Attraction_190_historic_area,historic_area,1.77090287519877,2.7245194229911798,3.254851809592469,1.4618341187039348,4.50661379598193,2.120212483868366,4.493256395293933,2.1210380180922397
191,Attraction_191_cafe_street,cafe_street,3.405289366917993,3.3170626153498937,4.158598513420436,0.0,1.9654194747843392,4.856023243846358,3.130697656567495,3.2665804237540055
192,Attraction_192_cafe_street,cafe_street,3.6811434299348758,2.8990064602935153,4.143407690689147,0.0,2.8655058034051177,4.2712212411078205,4.710164962171822,2.2796759994882376
193,Attraction_193_historic_area,historic_area,0.9398738349816818,2.2331770529931347,3.4051078774747903,1.6945002672735798,4.137767804764245,1.0530553848943403,5.0,1.829275233258649
194,Attraction_194_museum,museum+night_market,3.10469817949349,2.3477530105998765,3.0048048943554875,0.9263602097306722,2.512648576648341,3.3560240049468444,2.75634103492614,2.9532916506655287
195,Attraction_195_museum,museum,3.2461069970218555,4.37613002789027,3.868831394524902,0.8798684373071148,5.0,0.18324295238781652,4.493770059974899,2.5834847500185703
196,Attraction_196_park,park,1.3990725727508986,0.39598378507263154,3.4170930717546026,5.0,0.05673580146648671,1.2921421839000646,1.4980852444695048,3.090905506099974
197,Attraction_197_nature_trail,nature_trail+cafe_street,2.3649349278447036,1.1341134560425485,3.6577204408691455,4.493456107448603,1.3065442639698337,2.6731814082777126,2.5902171635983717,3.7764262029596787
198,Attraction_198_cafe_street,cafe_street,3.5575534945468554,4.6323230463344665,4.187204311127239,0.4409909121747262,1.9368266025584395,4.419650058210329,5.0,1.8699790974960804
199,Attraction_199_shopping_mall,shopping_mall,3.687302187700085,5.0,3.35492103696723,0.3536118367730541,1.4290636234013385,4.277241842160327,3.806715956763602,2.8990587177746496
200,Attraction_200_cafe_street,cafe_street+shopping_mall,3.9345565332651478,4.703843015474139,3.9080085922817944,0.09564800077920943,1.7514019755583459,4.279974408371346,3.01854183928397,3.47923743466552
201,Attraction_201_historic_area,historic_area+museum,2.2351645623272045,3.559155295894752,3.2491707001233348,1.3874842974918802,4.538151121252765,2.105610242703217,2.916154119852624,2.581121109057537
202,Attraction_202_nature_trail,nature_trail+historic_area,1.0480390643126016,1.6091781819625923,3.5540193147457124,2.589377935159787,2.6227398859064417,1.9217314532297105,3.3323873833002433,5.216459857757775
203,Attraction_203_night_market,night_market+temple,1.8980938008564612,1.788233036388468,3.434706725674565,1.37826075878522,3.158347843817257,5.0,4.170232975516932,3.6146213720948643
204,Attraction_204_night_market,night_market,1.8030789003101937,2.031299810075466,3.3770346114912924,0.9571996974082009,1.5320524241049627,5.0,5.0,3.282272939754618
205,Attraction_205_park,park,1.2433386805749205,0.0,3.2449954003229626,3.925366722625672,0.9645017618622397,1.1440657038978954,2.2067991555903186,1.7758997544534483
206,Attraction_206_park,park,0.0,0.09930023772399621,3.340197513664302,3.8007461979433472,0.6682822609149639,1.4376373167527328,2.0975355687162756,1.7999452086348844
207,Attraction_207_shopping_mall,shopping_mall+park,3.194515237997052,3.262885257472247,2.386765124181002,0.7961857694205026,1.7797953501869697,3.0069173064152817,3.777987357483243,2.4713703458297163
208,Attraction_208_museum,museum,3.472912067570439,5.0,2.599977889545239,0.0,3.8272559841914484,0.7774844426355161,3.1332496241677115,1.3402838242411759
209,Attraction_209_historic_area,historic_area,1.9149335668906087,1.8030443456645109,3.4446579450182773,1.0234241782880653,5.0,2.871299683663726,4.125350379912394,3.6637859343033394
210,Attraction_210_shopping_mall,shopping_mall,4.6019405455777775,3.9337612918118365,3.22614092790718,0.0,1.6603082691524493,3.9799157420614373,5.0,3.7797790863154073
211,Attraction_211_museum,museum,1.7446890952849632,4.420084991876153,3.7286498225195075,0.8233654172486776,4.549500837108609,1.473294110210913,2.5084871432686553,2.387257668577904
212,Attraction_212_cafe_street,cafe_street+historic_area,1.6153121119428322,3.084118677168676,4.928586520380237,1.604803830311797,3.5380026918692393,2.6101289435332062,2.824598752683677,0.8262272903765568
213,Attraction_213_historic_area,historic_area,1.5834384178598975,2.622498760454566,3.7128697208828227,0.0,5.0,1.5497245480823554,3.464232690506513,1.0091501905668128
214,Attraction_214_night_market,night_market,1.7792589375825614,1.043176754915855,2.6123431083419346,0.9982739483914131,2.2267431704649425,5.0,4.664114092631259,2.9154943097699
215,Attraction_215_historic_area,historic_area+park,2.1427305398847163,1.5305408779416172,3.4835646016411688,1.818487468300511,3.7604969200700236,0.6010113378150148,3.037728692468102,2.40501746341823
216,Attraction_216_shopping_mall,shopping_mall,4.528583371386185,4.108921208146409,2.6186740952843244,0.01815589047770763,2.3137417324336127,4.021033341469779,4.756490397775624,3.9745477284262893
217,Attraction_217_night_market,night_market+temple,1.0983522074018772,2.5084519567771855,2.815050809479606,0.9746298157554661,3.57543593103055,4.077639553909305,2.7497215695695107,3.291555175630105
218,Attraction_218_night_market,night_market,0.5982095471886877,1.9695434623093706,3.1848108921875005,0.44159072168293984,2.168591950453216,3.4518506261528863,4.229753390814716,2.17010091216111
219,Attraction_219_cafe_street,cafe_street,1.4338416912081111,3.1777874353924043,5.0,0.4967425443728636,2.5640008310982316,4.728479339130823,3.258956636226699,2.7705959899092356
220,Attraction_220_cafe_street,cafe_street,4.192049723925959,3.9153848911641194,4.1343528052648875,0.5806066141975905,1.9161090652090025,3.668675399129663,3.147712087781904,1.2807111212582183
221,Attraction_221_historic_area,historic_area,1.4729484491642413,3.023952009414118,4.047746230325309,1.7141953064794708,5.0,1.6634603257205764,2.7056860250140957,2.150575156831958
222,Attraction_222_museum,museum,4.055435448232586,4.576789233128376,3.7337887936623226,0.9708668064317941,4.806611736119768,1.4585735436378062,3.4334091540268377,2.1600117012986804
223,Attraction_223_temple,temple,1.208147670574575,3.0652320264258135,2.810729576844863,2.3111009432625065,4.429338448181173,1.7366435685694694,3.308305087057815,2.285937372974095
224,Attraction_224_shopping_mall,shopping_mall,4.218886881772512,4.653203045211304,2.548009180657249,0.0,2.4787242077140625,5.0,2.6008528529008075,4.172257259742463
225,Attraction_225_historic_area,historic_area+temple,0.13882738441048725,2.741897440900227,3.3052975341527975,1.3373343999816572,5.0,1.5548293163087672,1.598410560916741,3.24490097114851
226,Attraction_226_night_market,night_market+shopping_mall,2.5027988410465625,2.431951381915263,3.319207117220048,0.13853453845139718,3.0160423743387037,4.243387205684453,4.059009996976533,3.33520406335947
227,Attraction_227_museum,museum+cafe_street,3.1478469427947378,4.859010899271605,4.484049432265375,1.0231350485426032,3.1554839161141537,2.33379926506727,4.294375044585617,3.5251346726977566
228,Attraction_228_nature_trail,nature_trail,1.3416983169329892,0.5958014460737645,4.351914919767182,5.0,1.3096829340620553,1.2018843182672567,4.291700045458463,5.3879436767042685
229,Attraction_229_shopping_mall,shopping_mall+temple,2.1600322634232834,4.215889879420594,3.620945296822371,1.1064226652641795,4.1222504517456,3.925443601202706,3.6466936912342156,1.918050529613231
230,Attraction_230_cafe_street,cafe_street,3.3457938949476724,4.503431217608744,3.7715421208817577,1.277092997822068,3.3433239238383075,4.074325479347397,2.3880636926841254,1.7649223709223152
231,Attraction_231_museum,museum,3.650405290079433,4.513921133040545,4.280548796540993,1.0306204513599235,4.533087450212479,0.8702006068650359,1.840032223453583,2.292486595250195
232,Attraction_232_park,park,1.1058345951445214,0.7050581454892477,2.61741539967559,3.990332890333715,2.1223072292227867,1.3674681677124607,4.01739054559726,2.221507495488842
233,Attraction_233_park,park,1.4772038934362188,0.8313563526354952,3.4914375574604875,4.0761565610186095,0.0,1.7149931078569671,2.637747273792126,2.745668209949973
234,Attraction_234_cafe_street,cafe_street+cafe_street,3.8638066576980163,3.642138494668327,4.551425538447981,1.5091372763708786,3.8079757897054973,4.665411204969538,3.999446876513383,2.8360707792678026
235,Attraction_235_shopping_mall,shopping_mall,4.996039021040776,4.349864233731899,3.124911680431241,0.0,2.038972040444424,2.434982770026444,3.3456420709121675,3.908185186391193
236,Attraction_236_shopping_mall,shopping_mall,3.8957588496214086,5.0,2.80089677315519,0.0,2.523415244634682,4.500473351193943,3.2506537996265727,3.894105667124909
237,Attraction_237_historic_area,historic_area+cafe_street,3.5062870566491062,1.7051910510289794,3.7888454423653193,0.2915565373235669,5.0,2.120112190888878,3.5209469977003596,3.363567023458475
238,Attraction_238_historic_area,historic_area,1.9423451401670953,1.8439765254184797,3.527444895534381,1.3618575896369403,5.0,2.491351374568466,3.3653171504786714,3.5907926660850724
239,Attraction_239_historic_area,historic_area,1.4727668865452201,2.867051541767527,3.4079148675235458,0.7862582799358584,5.0,3.0449665987255417,3.6657336355840466,3.1257298798950544
240,Attraction_240_night_market,night_market,1.3462217642646288,2.700254129561847,2.7888589571149422,0.7266323429090391,3.432403465074935,4.967134924072104,1.502647755869061,1.9589228402467591
241,Attraction_241_museum,museum,2.8133544962770145,4.783523482969968,4.153142831653489,0.0,4.508334230367685,1.9087823219094209,2.116575956451615,1.697510387168017
242,Attraction_242_park,park,0.6190186262847475,0.23113258649147667,3.8465966150111672,4.752262751143914,0.3050059175616564,1.5368076884081676,3.709612800004578,2.707286350911094
243,Attraction_243_museum,museum+park,2.1028926233731897,2.6584990623011775,2.963020220044588,0.0,4.314038650005397,2.288810508516449,3.9491812147266714,3.1115229762438235
244,Attraction_244_historic_area,historic_area,1.4754002059156088,1.5486019052283875,4.9067527174261585,1.1514162907023917,2.3389087820577874,1.0451997486143743,2.860441037486015,3.8286601907340545
245,Attraction_245_night_market,night_market,2.224214251005085,1.5296413627710534,3.170267727071854,0.0,2.2717224688275524,5.0,3.413384938962499,2.7285787155709995
246,Attraction_246_shopping_mall,shopping_mall+shopping_mall,3.8571621777022265,4.927927199525299,1.1269766252081268,0.034655095726392554,1.9387444625318768,4.3386611328929465,5.0,4.828026161092729
247,Attraction_247_night_market,night_market,2.4802950561783943,1.6323577507652436,3.337749398901071,1.3584248736043851,4.111603122161442,5.0,5.0,2.622322119154318
248,Attraction_248_museum,museum,2.230349923260553,4.177918449960578,2.901703040314426,0.6624361109265229,4.150160679292714,0.6907105803120014,3.761004447341382,2.6452872530028078
249,Attraction_249_museum,museum,3.7872762779442306,5.0,3.8519847216057457,1.5476638843530572,5.0,1.309659069711882,4.369220965021203,1.802277056645364
250,Attraction_250_shopping_mall,shopping_mall+museum,3.7468335013087195,5.0,3.458019805153373,2.8503480659930798,1.4282621574205876,4.069175329996007,5.0,3.200511490966984
251,Attraction_251_museum,museum,2.2192293979730544,4.737048269442643,3.2705133844392145,0.14493162521807362,5.0,0.8833472852802909,4.3432936148408245,2.0080396494813315
252,Attraction_252_nature_trail,nature_trail,1.2740151102012944,0.8085727137674774,3.584005319094658,4.691956034938402,1.7970057116709137,1.0895989281725091,4.199309911844001,3.53624537373751
253,Attraction_253_temple,temple+museum,1.0580909771840714,2.9281401709056207,4.444055608029593,2.0246855059304947,3.246407816619338,1.451353693195705,2.7438357035304857,2.7009690493577843
254,Attraction_254_historic_area,historic_area,1.6025561420121464,2.9644802377323116,3.34172563790922,0.9157813865044954,5.0,1.7046003881647627,3.4630082402742763,3.022242332591952
255,Attraction_255_nature_trail,nature_trail+park,1.2976756013474748,0.0,3.8437722740624265,4.970752494614951,0.0,1.0786317205798133,4.388300709542203,3.792995842158873
256,Attraction_256_historic_area,historic_area,2.2543588530084535,2.511347290509318,4.213039918404332,0.4736781872162924,3.3902000863464083,0.9901706967803754,2.9838720060938693,3.4751413875381156
257,Attraction_257_nature_trail,nature_trail+nature_trail,1.3657846767782247,0.5245797573196063,3.9632491664118725,3.9535445141393897,1.026388064564843,0.5238955029424247,3.420613773922541,5.597649139159748
258,Attraction_258_night_market,night_market+cafe_street,2.5131268087228196,2.673788698477035,3.6698380877142376,1.318654788472227,2.9761198668068714,4.68107035939174,4.672691109125434,1.3553129584152983
259,Attraction_259_museum,museum,2.736873169301157,4.034546975697938,3.8967915493001417,0.058363400094386564,5.0,2.5524978376254728,1.8045354245773941,2.9657955820510087
260,Attraction_260_temple,temple+park,0.6479862118307045,1.3929737784944871,2.4613818738926616,2.4684276473396105,3.195631843725831,1.5489649029070576,3.01412748927946,1.67801543210757
261,Attraction_261_museum,museum,3.0730766988637823,4.331384548050632,3.8524593071513817,0.08972664986180284,4.98381265271439,1.0110380168204074,3.7576522192115096,2.3086668959447696
262,Attraction_262_nature_trail,nature_trail,1.6538435434880614,0.8127948634894182,3.4345128748913094,4.371242904311058,0.7076950515308076,0.5067461148255354,3.3123177479293417,4.619177559461768
263,Attraction_263_historic_area,historic_area,1.662671084152296,2.49630093682888,3.514024106935725,1.5573046219021534,4.549348347268666,0.9534535591806552,4.025494386027865,4.076642613890296
264,Attraction_264_temple,temple+temple,0.5388633484220947,1.7455794665232438,3.212443347680791,0.6905602112691215,5.0,0.9430981390125847,2.3555625764105064,2.1635112252823814
265,Attraction_265_nature_trail,nature_trail,0.8559341269085589,0.34863722760502847,3.0155942990325015,5.0,1.940706496570707,1.0119610600092348,2.9802112937980394,5.054178204093487
266,Attraction_266_shopping_mall,shopping_mall,5.0,4.396831852461806,3.303851071122609,0.559476055804033,1.952115895329546,3.638456398251608,5.0,3.3122878958784376
267,Attraction_267_temple,temple+nature_trail,1.2879821521622503,1.0019257528935648,3.463852505990204,2.2764976451229177,3.7025017399855944,2.0127724799469426,3.2305063716547724,3.320345790929784
268,Attraction_268_nature_trail,nature_trail+temple,0.8181208049084436,1.9129922555353138,3.827068463943831,3.257370027600859,3.0310747574068198,1.8909175427376828,3.1548013764676197,2.659072069151846
269,Attraction_269_historic_area,historic_area,1.5799789232100068,2.019697060511517,4.772466451726614,0.890607408448861,3.9536938918041447,1.85391534666526,0.4589175528040794,3.275484615430365
270,Attraction_270_temple,temple+temple,0.983216229718567,2.412954865227805,3.6820255620010682,1.6367262737185115,3.885609166628428,0.972144794236683,0.9615124682690435,3.129957921273137
271,Attraction_271_historic_area,historic_area,2.048577265127822,1.8921474483229415,2.889402436729066,1.2392878134517786,4.380619028873396,1.4574037968949427,2.825154010939313,2.546410019352458
272,Attraction_272_museum,museum+cafe_street,2.6225182516804715,4.656821974685147,2.0667149873692114,0.3501200611527929,3.4061627987813377,1.0147117675487431,2.3975674853358764,2.431269447538098
273,Attraction_273_shopping_mall,shopping_mall+cafe_street,2.487592990195916,3.650269662703105,3.324359431352579,0.37215577235367864,2.272381291125779,4.663644141791431,4.9715524710699075,2.276707561030293
274,Attraction_274_night_market,night_market,1.7616244937746375,1.3947590620732417,3.1982903903273585,0.0,2.682254781223654,5.0,2.858289246691945,1.297101602389844
275,Attraction_275_historic_area,historic_area+cafe_street,3.310446313709986,2.9855517126048086,3.667534207538547,1.5559450095289287,5.0,2.1338548809839804,2.1325643932713767,1.2283309873783474
276,Attraction_276_park,park+historic_area,0.8523265055766308,0.6605300844635874,3.7335728808028823,2.729247340584501,0.9908819304416496,1.6191038132911633,2.022227522227202,0.8
277,Attraction_277_park,park,2.422931596231723,0.6559745063375582,3.4102662975179547,4.014334281125918,1.444387073920996,1.2639592146260348,3.4283948299152076,1.784955273939582
278,Attraction_278_historic_area,historic_area+museum,0.8376985097953897,3.032275093557057,3.664136285226616,1.2581121788464393,4.41781116160876,1.655435057043481,4.682881351713915,2.5364542249646362
279,Attraction_279_historic_area,historic_area+night_market,2.689171831470533,1.8254615291766438,3.763848823583395,1.7105608493550561,4.249213348572111,1.6339928587598165,3.9310809436975847,2.962290370312766
280,Attraction_280_temple,temple,1.56821499620491,1.6243210597131195,3.642949478260771,1.9162718533083258,3.5998089092210854,1.8296374182044244,2.6122725299627496,2.1150304079404236
281,Attraction_281_nature_trail,nature_trail,1.0607865508619247,0.4475339803324051,3.9457941462662256,2.7279225405739065,1.2437134543196586,0.7954686487245924,1.7214771407853873,5.238050813478513
282,Attraction_282_museum,museum,2.915719977541592,3.9663068412639895,3.8800189549819457,1.1008172839446582,4.5115719153406815,1.9766993876622474,2.7677975973313864,1.4233345723660624
283,Attraction_283_museum,museum,3.0131097414880044,4.563967020017697,3.741256879773013,1.135257035441814,4.630288835999325,0.0,3.103122649227365,0.8945770497868148
284,Attraction_284_shopping_mall,shopping_mall,4.784212101019786,5.0,2.92321650668251,0.0,2.3075300280791895,3.394009410600579,4.394307604882684,3.062919205757105
285,Attraction_285_night_market,night_market,2.457744488164871,1.4506248934089394,3.1820716696802798,0.0,1.325717817895222,4.927080947602347,3.5543542658273797,1.4313628313299387
286,Attraction_286_park,park,0.7709058000520873,0.08711388513003582,3.4517396671101657,4.093267331947264,1.0263890095015942,1.7917243030961016,1.9608605226163236,1.5797779723871466
287,Attraction_287_nature_trail,nature_trail,1.2881608057043696,0.0,4.656956406980972,5.0,1.1003086514540352,0.8893525204653665,4.181843140049566,4.676687097967568
288,Attraction_288_park,park,1.0273685227148546,0.5528322530732812,3.632046981034285,4.522904122948492,0.3640034352905155,0.35678084833949464,3.6473061785868675,2.999667649431335
289,Attraction_289_night_market,night_market,1.958807441039209,1.3565800082550257,2.364312863147359,0.2988743961533555,2.4113800744405838,5.0,5.0,3.385212634273267
290,Attraction_290_cafe_street,cafe_street,3.2668650498975134,2.9427649840028924,3.9620433975798486,0.48015445388338024,2.618147044079846,2.888948730614923,1.5091569127547448,1.5971546993461019
291,Attraction_291_shopping_mall,shopping_mall+park,3.5513572849823043,3.4170437541743612,3.763000479058146,1.2286638654815438,0.9904128445038426,2.9787744079806444,4.3614555198746245,3.171725345650794
292,Attraction_292_nature_trail,nature_trail+night_market,2.9693567408670236,1.0787133488112395,3.4934830623145388,2.197609883746599,0.36649683886536255,2.1207225400639826,4.09092427974455,3.304353443654493
293,Attraction_293_night_market,night_market+historic_area,1.424987980840403,2.200201967973844,3.1189733017144436,0.18767554096403677,4.6739725817359785,4.498592085030069,4.272105891449332,2.762999613147545
294,Attraction_294_temple,temple+museum,2.31890557602681,2.3165270782123635,3.3744045421937736,0.9518321922836173,4.5683704629405275,0.4933652036113494,3.2587876653304932,2.3904015943308847
295,Attraction_295_cafe_street,cafe_street+cafe_street,3.899945830936039,3.4389128652981427,4.588728912738937,1.5158599225282456,2.8032544524425824,4.875046741531786,4.217800508814222,1.9216678028456768
296,Attraction_296_nature_trail,nature_trail,1.3902650633922047,0.0,4.094588778549356,4.400820332744594,0.891638754747839,2.0326075032283373,3.3563219796402386,3.5871931921978093
297,Attraction_297_nature_trail,nature_trail+cafe_street,2.5929877496729614,0.24132633524828961,3.8547886940254807,4.129609864104709,1.1681147528448603,0.8780680134777181,3.9054760838846185,6.047977418982269
298,Attraction_298_night_market,night_market+park,2.1182557894922525,2.665167709130205,2.7950553050628955,1.709185967500683,1.0988039218603851,4.0919834465504685,4.228774581802741,2.4395177623800692
299,Attraction_299_historic_area,historic_area+cafe_street,1.8189556084851657,2.379300309030402,3.6153041891774875,2.0456379504721,4.634305971144848,3.6746923036855454,3.7686939290743586,2.8030954036027995
300,Attraction_300_nature_trail,nature_trail+nature_trail,2.457850126039149,0.6813247664490238,4.530075664588771,4.768742470234997,0.6809521938153585,0.7681624627830836,3.7445127299617154,3.9981492432389576
